{
    "name": "root",
    "gauges": {
        "SoccerTwos.Policy.Entropy.mean": {
            "value": 3.295663595199585,
            "min": 3.295663595199585,
            "max": 3.295663595199585,
            "count": 1
        },
        "SoccerTwos.Policy.Entropy.sum": {
            "value": 105461.234375,
            "min": 105461.234375,
            "max": 105461.234375,
            "count": 1
        },
        "SoccerTwos.Environment.EpisodeLength.mean": {
            "value": 604.8888888888889,
            "min": 604.8888888888889,
            "max": 604.8888888888889,
            "count": 1
        },
        "SoccerTwos.Environment.EpisodeLength.sum": {
            "value": 21776.0,
            "min": 21776.0,
            "max": 21776.0,
            "count": 1
        },
        "SoccerTwos.Self-play.ELO.mean": {
            "value": 1199.5519250085242,
            "min": 1199.5519250085242,
            "max": 1199.5519250085242,
            "count": 1
        },
        "SoccerTwos.Self-play.ELO.sum": {
            "value": 16793.72695011934,
            "min": 16793.72695011934,
            "max": 16793.72695011934,
            "count": 1
        },
        "SoccerTwos.Step.mean": {
            "value": 9906.0,
            "min": 9906.0,
            "max": 9906.0,
            "count": 1
        },
        "SoccerTwos.Step.sum": {
            "value": 9906.0,
            "min": 9906.0,
            "max": 9906.0,
            "count": 1
        },
        "SoccerTwos.Policy.ExtrinsicBaselineEstimate.mean": {
            "value": 3.826032843790017e-05,
            "min": 3.826032843790017e-05,
            "max": 3.826032843790017e-05,
            "count": 1
        },
        "SoccerTwos.Policy.ExtrinsicBaselineEstimate.sum": {
            "value": 0.0006504255579784513,
            "min": 0.0006504255579784513,
            "max": 0.0006504255579784513,
            "count": 1
        },
        "SoccerTwos.Policy.ExtrinsicValueEstimate.mean": {
            "value": 0.00013980024959892035,
            "min": 0.00013980024959892035,
            "max": 0.00013980024959892035,
            "count": 1
        },
        "SoccerTwos.Policy.ExtrinsicValueEstimate.sum": {
            "value": 0.002376604126766324,
            "min": 0.002376604126766324,
            "max": 0.002376604126766324,
            "count": 1
        },
        "SoccerTwos.Environment.CumulativeReward.mean": {
            "value": 0.0,
            "min": 0.0,
            "max": 0.0,
            "count": 1
        },
        "SoccerTwos.Environment.CumulativeReward.sum": {
            "value": 0.0,
            "min": 0.0,
            "max": 0.0,
            "count": 1
        },
        "SoccerTwos.Policy.ExtrinsicReward.mean": {
            "value": -0.11764705882352941,
            "min": -0.11764705882352941,
            "max": -0.11764705882352941,
            "count": 1
        },
        "SoccerTwos.Policy.ExtrinsicReward.sum": {
            "value": -2.0,
            "min": -2.0,
            "max": -2.0,
            "count": 1
        },
        "SoccerTwos.Environment.GroupCumulativeReward.mean": {
            "value": -0.11764705882352941,
            "min": -0.11764705882352941,
            "max": -0.11764705882352941,
            "count": 1
        },
        "SoccerTwos.Environment.GroupCumulativeReward.sum": {
            "value": -2.0,
            "min": -2.0,
            "max": -2.0,
            "count": 1
        },
        "SoccerTwos.IsTraining.mean": {
            "value": 1.0,
            "min": 1.0,
            "max": 1.0,
            "count": 1
        },
        "SoccerTwos.IsTraining.sum": {
            "value": 1.0,
            "min": 1.0,
            "max": 1.0,
            "count": 1
        }
    },
    "metadata": {
        "timer_format_version": "0.1.0",
        "start_time_seconds": "1743415942",
        "python_version": "3.8.10 (tags/v3.8.10:3d8993a, May  3 2021, 11:48:03) [MSC v.1928 64 bit (AMD64)]",
        "command_line_arguments": "E:\\my_programs\\ml-agents\\Football-Agent\\venv\\Scripts\\mlagents-learn ./config/poca/FootballTwos.yaml --run-id=training01",
        "mlagents_version": "0.26.0",
        "mlagents_envs_version": "0.26.0",
        "communication_protocol_version": "1.5.0",
        "pytorch_version": "2.2.2+cu121",
        "numpy_version": "1.23.5",
        "end_time_seconds": "1743416003"
    },
    "total": 61.151308699999994,
    "count": 1,
    "self": 0.28750019999998955,
    "children": {
        "run_training.setup": {
            "total": 0.09985909999999976,
            "count": 1,
            "self": 0.09985909999999976
        },
        "TrainerController.start_learning": {
            "total": 60.7639494,
            "count": 1,
            "self": 0.035528399999982696,
            "children": {
                "TrainerController._reset_env": {
                    "total": 22.7518554,
                    "count": 1,
                    "self": 22.7518554
                },
                "TrainerController.advance": {
                    "total": 37.813590600000026,
                    "count": 1475,
                    "self": 0.03805850000040323,
                    "children": {
                        "env_step": {
                            "total": 33.26086069999986,
                            "count": 1475,
                            "self": 25.443146499999983,
                            "children": {
                                "SubprocessEnvManager._take_step": {
                                    "total": 7.794594499999803,
                                    "count": 1475,
                                    "self": 0.18170669999971523,
                                    "children": {
                                        "TorchPolicy.evaluate": {
                                            "total": 7.612887800000088,
                                            "count": 2934,
                                            "self": 0.9817391000001052,
                                            "children": {
                                                "TorchPolicy.sample_actions": {
                                                    "total": 6.631148699999983,
                                                    "count": 2934,
                                                    "self": 6.631148699999983
                                                }
                                            }
                                        }
                                    }
                                },
                                "workers": {
                                    "total": 0.02311970000007335,
                                    "count": 1474,
                                    "self": 0.0,
                                    "children": {
                                        "worker_root": {
                                            "total": 39.48469269999991,
                                            "count": 1474,
                                            "is_parallel": true,
                                            "self": 18.534903099999905,
                                            "children": {
                                                "steps_from_proto": {
                                                    "total": 0.00107940000000184,
                                                    "count": 2,
                                                    "is_parallel": true,
                                                    "self": 0.0002520000000032496,
                                                    "children": {
                                                        "_process_rank_one_or_two_observation": {
                                                            "total": 0.0008273999999985904,
                                                            "count": 8,